Address,Target
فاقوس,Not Cairo governorate
العمري,Cairo governorate
محمد مظهر,Cairo governorate
المعادى,Cairo governorate
حدائق القبة,Cairo governorate
كفر صقر,Not Cairo governorate
مَغَاغَة,Not Cairo governorate
الكردي,Cairo governorate
الفيوم,Not Cairo governorate
قَلْيوب,Not Cairo governorate
كِرْداسَة,Not Cairo governorate
العدوة,Not Cairo governorate
الجبلاية,Cairo governorate
البلاقسة,Cairo governorate
القنطرة غرب,Not Cairo governorate
مصيف بَلْطيم,Not Cairo governorate
الإسماعيلية,Not Cairo governorate
المنيا,Not Cairo governorate
الداودية,Cairo governorate
الأزهر,Cairo governorate
ثان السلام,Cairo governorate
الدواوين,Cairo governorate
درب شغلان,Cairo governorate
مَنْفَلوط,Not Cairo governorate
السادس من أكتوبر,Not Cairo governorate
القربية  ,Cairo governorate
البيرقدار,Cairo governorate
القوصية,Not Cairo governorate
جوهر القائد   ,Cairo governorate
جنوب سيناء,Not Cairo governorate
الاميرية,Cairo governorate
قصر الدوبارة,Cairo governorate
الزمالك,Cairo governorate
الموسكى,Cairo governorate
أبو كبير,Not Cairo governorate
عرابي,Cairo governorate
دمياط,Not Cairo governorate
مصر القديمة,Cairo governorate
حي السلام أول,Cairo governorate
البَدْرْشِين,Not Cairo governorate
أبو حُمُّص,Not Cairo governorate
رحبة عابدين,Cairo governorate
سمسطا,Not Cairo governorate
الفجالة,Cairo governorate
إدكو	,Not Cairo governorate
التبين,Cairo governorate
الازبكية,Cairo governorate
بِيَلا,Not Cairo governorate
الجزيرة الجديدة,Cairo governorate
المعصرة,Cairo governorate
ميت سلسيل,Not Cairo governorate
بولاق,Cairo governorate
منشأة ناصر,Cairo governorate
الغنايم,Not Cairo governorate
بورفؤاد,Not Cairo governorate
الزيتون,Cairo governorate
درب نصر,Cairo governorate
الرياض,Not Cairo governorate
القللي,Cairo governorate
كفر الدَّوَّار,Not Cairo governorate
الوايلى,Cairo governorate
تمي الأمديد,Not Cairo governorate
مَرْسَى مَطْرُوح,Not Cairo governorate
دَمَنْهور,Not Cairo governorate
شبرا,Cairo governorate
الصَّف,Not Cairo governorate
المقطم,Cairo governorate
أبو الفدا,Cairo governorate
أَوْسِيم,Not Cairo governorate
الإسماعيلية,Cairo governorate
دِير مَوَاس,Not Cairo governorate
سيدي سالم,Not Cairo governorate
صِدفا,Not Cairo governorate
منشأة أبو عمر,Not Cairo governorate
,Not Cairo governorate
سوق السلاح,Cairo governorate
التجمع الخامس,Cairo governorate
الرحمانيّة,Not Cairo governorate
حُوش عيسى,Not Cairo governorate
فُـوّه,Not Cairo governorate
طَامِيِّة	,Not Cairo governorate
الخواص ,Cairo governorate
أبو تيج,Not Cairo governorate
دِسوق,Not Cairo governorate
دَيْرُوط,Not Cairo governorate
السيدة زينب,Cairo governorate
باب اللوق,Cairo governorate
أول السلام,Cairo governorate
القُرين,Not Cairo governorate
الباويطي,Not Cairo governorate
المنيا الجديدة,Not Cairo governorate
الحَمَّام,Not Cairo governorate
شُبْرا الخيمة,Not Cairo governorate
شُبراخِيت,Not Cairo governorate
قصر الشوق,Cairo governorate
نبروه,Not Cairo governorate
مدينه بدر,Cairo governorate
الجمالية,Not Cairo governorate
المنوفية,Not Cairo governorate
باب الفتوح  ,Cairo governorate
الدِّلنْجات,Not Cairo governorate
الشروق,Cairo governorate
معروف,Cairo governorate
الخُصُوص,Not Cairo governorate
سيدي غازي,Not Cairo governorate
النُوبَاريّة الجديدة,Not Cairo governorate
عابدين,Cairo governorate
أَبْنُوب	,Not Cairo governorate
المرج,Cairo governorate
مَطَاي,Not Cairo governorate
الدقهلية,Not Cairo governorate
سنان باشا,Cairo governorate
عين شمس,Cairo governorate
الساحة,Cairo governorate
الريحاني,Cairo governorate
التجمع الاول,Cairo governorate
الحَوامْدِيّة,Not Cairo governorate
جاردن سيتي,Cairo governorate
وادي النَطْرون,Not Cairo governorate
الشـيخ عبد الله,Cairo governorate
شمال سيناء,Not Cairo governorate
غيط العدة,Cairo governorate
أسوان,Not Cairo governorate
الشيخ زايد,Not Cairo governorate
شمال القاهرة,Cairo governorate
سوق العصر,Cairo governorate
الصالحية الجديدة,Not Cairo governorate
البساتين,Cairo governorate
كفر شُكر,Not Cairo governorate
العَيَّاط,Not Cairo governorate
حلوان,Cairo governorate
بني مزار,Not Cairo governorate
الأقصر,Not Cairo governorate
ثالث القاهره الجديده,Cairo governorate
مِسِير	,Not Cairo governorate
الجِيزَة,Not Cairo governorate
الجيارة,Cairo governorate
أبو المطامير	,Not Cairo governorate
الدرب الاحمر,Cairo governorate
بلقاس,Not Cairo governorate
القنايات,Not Cairo governorate
دار السلام,Cairo governorate
حارة الروم,Cairo governorate
الشعراني,Cairo governorate
أطْفِيح,Not Cairo governorate
مشتول السوق,Not Cairo governorate
خان الخليلي  ,Cairo governorate
المحموديّة,Not Cairo governorate
قَلّين,Not Cairo governorate
طره,Cairo governorate
برج العرب,Not Cairo governorate
المغربلين,Cairo governorate
أبو حَمّاد,Not Cairo governorate
ثان القاهره الجديده,Cairo governorate
العَلَمِين,Not Cairo governorate
إطسا,Not Cairo governorate
بني عبيد,Not Cairo governorate
الدراسة,Cairo governorate
العبور,Not Cairo governorate
بِبا,Not Cairo governorate
مطروح,Not Cairo governorate
السويس,Not Cairo governorate
أبو العلا الأحمدين,Cairo governorate
رَشيد,Not Cairo governorate
عمر الخيام,Cairo governorate
السلام ثاني,Cairo governorate
قنا,Not Cairo governorate
المدينة الفكرية,Not Cairo governorate
النزهة,Cairo governorate
ناصر,Not Cairo governorate
صان الحجر القبلية,Not Cairo governorate
السروجية,Cairo governorate
سوهاج,Not Cairo governorate
شِبِين القناطر,Not Cairo governorate
غرب القاهرة,Cairo governorate
 لساحل,Cairo governorate
بَلْطيم,Not Cairo governorate
باب الشعرية,Cairo governorate
العطوف,Cairo governorate
جمصة,Not Cairo governorate
بَنْها,Not Cairo governorate
حوض الزهور,Cairo governorate
البداري,Not Cairo governorate
بني سويف,Not Cairo governorate
غرب مدينة نصر,Cairo governorate
الدرب الأحمر,Cairo governorate
ثان مدينة نصر,Cairo governorate
الفُيُّوم الجديدة,Not Cairo governorate
سَمَالُوط,Not Cairo governorate
يوسف الصديق,Not Cairo governorate
طُوخ,Not Cairo governorate
الظاهر,Cairo governorate
قَها,Not Cairo governorate
الفوالة,Cairo governorate
المشهد الحسيني  ,Cairo governorate
إيتاي البارود,Not Cairo governorate
شرق القاهرة,Cairo governorate
القنطرة شرق,Not Cairo governorate
مَلّوي,Not Cairo governorate
سنورس,Not Cairo governorate
الباطنية,Cairo governorate
عشش النحل,Cairo governorate
القبيلة,Cairo governorate
أسيوط,Not Cairo governorate
الفُيُّوم,Not Cairo governorate
الخرنفش,Cairo governorate
الساحل,Cairo governorate
شركس,Cairo governorate
أول القاهره الجديده,Cairo governorate
ديرب نجم,Not Cairo governorate
المنزلة,Not Cairo governorate
خمسة عشر مايو,Cairo governorate
أبو صوير المحطة,Not Cairo governorate
المنصورية  ,Cairo governorate
الضَّبْعَة,Not Cairo governorate
بدر,Not Cairo governorate
ساحل سليم,Not Cairo governorate
الإسكندرية,Not Cairo governorate
شرق مدينة نصر,Cairo governorate
بين الصورين   ,Cairo governorate
جنوب القاهرة,Cairo governorate
درب سعادة,Cairo governorate
القصاصين الجديدة,Not Cairo governorate
الإبراهيمية,Not Cairo governorate
بني سويف الجديدة,Not Cairo governorate
الخْانْكَة,Not Cairo governorate
الخليفة,Cairo governorate
كوم حمادة,Not Cairo governorate
التل الكبير,Not Cairo governorate
برج العرب الجديدة,Not Cairo governorate
هِهْيا,Not Cairo governorate
أول مدينة نصر,Cairo governorate
أبو النُمْرُس,Not Cairo governorate
كلوت بك,Cairo governorate
الحمزاوي,Cairo governorate
فايد,Not Cairo governorate
القطامية,Cairo governorate
الجمالية,Cairo governorate
بورسعيد,Not Cairo governorate
الفَشْن,Not Cairo governorate
بُرج البُرلُّس,Not Cairo governorate
منشأة القناطر,Not Cairo governorate
إهناسيا,Not Cairo governorate
أولاد صقر,Not Cairo governorate
باب الوزير والغريب,Cairo governorate
شربين,Not Cairo governorate
محلة دمنة,Not Cairo governorate
أسيوط الجديدة,Not Cairo governorate
الشرابية,Cairo governorate
الزهار,Cairo governorate
المطرية,Not Cairo governorate
إبشواي,Not Cairo governorate
القناطر الخيرية,Not Cairo governorate
قصر النيل,Cairo governorate
الغورية ,Cairo governorate
تحت الربع,Cairo governorate
مصر الجديدة,Cairo governorate
الحسينية,Not Cairo governorate
مِطوُبِس,Not Cairo governorate
الواسْطَى,Not Cairo governorate
المطرية,Cairo governorate
كفر الشيخ,Not Cairo governorate
الزاوية الحمراء,Cairo governorate
روض الفرج,Cairo governorate
السقائين,Cairo governorate
